Team,Winrate,Season
MIL,0.707,22_23
BOS,0.695,22_23
PHI,0.659,22_23
DEN,0.646,22_23
CLE,0.622,22_23
MEM,0.622,22_23
SAC,0.585,22_23
NYK,0.573,22_23
PHO,0.549,22_23
BRK,0.549,22_23
LAC,0.537,22_23
MIA,0.537,22_23
GSW,0.537,22_23
LAL,0.524,22_23
MIN,0.512,22_23
NOP,0.512,22_23
ATL,0.5,22_23
TOR,0.5,22_23
CHI,0.488,22_23
OKC,0.488,22_23
DAL,0.463,22_23
UTA,0.451,22_23
IND,0.427,22_23
WAS,0.427,22_23
ORL,0.415,22_23
POR,0.402,22_23
CHO,0.329,22_23
HOU,0.268,22_23
SAS,0.268,22_23
DET,0.207,22_23
